Id,BIRTHDATE,DEATHDATE,SSN,DRIVERS,PASSPORT,PREFIX,FIRST,LAST,SUFFIX,MAIDEN,MARITAL,RACE,ETHNICITY,GENDER,BIRTHPLACE,ADDRESS,CITY,STATE,COUNTY,FIPS,ZIP,LAT,LON,HEALTHCARE_EXPENSES,HEALTHCARE_COVERAGE,INCOME
068eef5f-34ae-7fc9-6c6c-a5af808089dc,2001-10-24,,999-36-1902,S99958094,X12578534X,Mr.,Boyce,Prosacco,,,,white,nonhispanic,M,Fall River  Massachusetts  US,769 Kreiger Highlands,Dalton,Massachusetts,Berkshire County,,00000,42.439408468991715,-73.1200449488374,22732.92,6195.64,596933
0e11fbdf-a5f4-75fd-241c-039c9d4eedb2,2007-04-25,,999-99-9488,,,,Brett,Lang,,,,black,nonhispanic,M,Worcester  Massachusetts  US,869 Bauch Mission,Agawam,Massachusetts,Hampden County,25013,01001,42.04749444542543,-72.6713384976972,19235.01,12832.62,586225
d256c267-78f9-399c-982e-f0d076a840ab,1980-10-22,,999-61-5918,S99998528,X71276385X,Mrs.,Evelin,Simonis,,Hamill,M,white,nonhispanic,F,Stoneham  Massachusetts  US,510 Rice Viaduct,Randolph,Massachusetts,Norfolk County,25021,02368,42.16365527471044,-71.04040999892413,56047.18,1062359.44,61061
30c4035b-c694-c496-d900-f41c1b5f3c4a,1995-11-14,,999-57-7301,S99999090,X51964051X,Mrs.,Shirl,Nicolas,,Mueller,M,white,nonhispanic,F,Oak Bluffs  Massachusetts  US,311 Zemlak Gateway,Lincoln,Massachusetts,Middlesex County,,00000,42.446828236187756,-71.31758073656762,32720.32,217437.87,133290
d540605c-5a99-f35f-af8f-642ab8b3f135,2005-09-25,,999-31-6246,S99992754,,,Brain,Schuppe,,,,white,nonhispanic,M,Sterling  Massachusetts  US,648 Langworth Rest,Cohasset,Massachusetts,Norfolk County,,00000,42.22786304228993,-70.77311887662968,18620.07,71109.47,57550
f716f568-5c13-2f2c-74c2-903cf9d03581,1994-04-16,,999-80-7300,S99936473,X57001783X,Mr.,Jean,Dicki,,,S,white,nonhispanic,M,Randolph  Massachusetts  US,859 Gleason Mill Apt 88,Orleans,Massachusetts,Barnstable County,25001,02653,41.818852146695505,-69.93275234852636,37121.70,94393.57,746099
6dc10958-354c-fd5c-6d82-cd6cb9563351,1977-09-19,,999-73-2880,S99946074,X66542204X,Mrs.,Clara,Armijo,,Zapata,M,white,hispanic,F,Juarez  Chihuahua  MX,978 Lind Highlands,Methuen,Massachusetts,Essex County,25009,01841,42.75440794805241,-71.1632782900955,54371.94,784866.47,128905
c3921370-2123-37d6-9131-bd8780d1e91a,1977-07-30,,999-64-2282,S99937115,X89072538X,Mr.,Gonzalo,Rosenbaum,,,M,white,nonhispanic,M,Springfield  Massachusetts  US,861 Zemlak Mall,Longmeadow,Massachusetts,Hampden County,25013,01106,42.04239096204792,-72.60823408752626,36127.12,174498.95,133883
8956dd9b-23ae-7def-b0c8-b1caaa8fb7b0,1964-06-29,,999-44-2617,S99955365,X39273352X,Mr.,Art,Ruecker,,,M,white,nonhispanic,M,Newton  Massachusetts  US,829 Heller Fork,Hinsdale,Massachusetts,Berkshire County,,00000,42.41709620120233,-73.12817158216237,62548.31,755005.77,97339
eb3645de-779f-cc53-298b-4bc08f704c22,1981-03-13,,999-73-6803,S99988666,X51097522X,Mrs.,Brandon,Grimes,,Bahringer,M,white,nonhispanic,F,Greenfield  Massachusetts  US,248 Schuster Trafficway Unit 45,Randolph,Massachusetts,Norfolk County,25021,02368,42.2214874276184,-71.02656734081141,16802.83,1286379.31,10906
cc2d950a-773e-c820-c1ce-9b957a6ec4b3,1979-04-22,,999-58-4761,S99914591,X2428798X,Ms.,Jinny,Brakus,,,S,asian,nonhispanic,F,Brockton  Massachusetts  US,646 Schaefer Center Unit 25,Peabody,Massachusetts,Essex County,25009,01960,42.566124973508934,-70.96288945899482,59373.07,853839.81,119134
505fadc5-b712-094f-692f-f341cd5bd3d9,1964-07-13,,999-51-3208,S99986625,X73112840X,Mrs.,Idell,Wiza,,Goldner,M,white,nonhispanic,F,Methuen  Massachusetts  US,1005 Muller Course,Agawam,Massachusetts,Hampden County,25013,01030,42.065826678574794,-72.65103588367636,82161.96,1052015.15,60494
4685bbda-c966-4f07-a027-d6a27260bd21,1982-04-06,,999-47-4744,S99916598,X17720749X,Mr.,Hugo,Beahan,,,M,black,nonhispanic,M,Saugus  Massachusetts  US,1084 Bauch Crossroad Unit 46,Wayland,Massachusetts,Middlesex County,,00000,42.40229638062964,-71.34527687735503,41287.13,53235.88,54700
bdff8492-1d47-026e-5af9-3c72fbe6ec1d,1994-07-30,,999-98-5410,S99991063,X67285314X,Mr.,Nestor,Hilll,,,M,white,nonhispanic,M,Spencer  Massachusetts  US,739 Harber Underpass,Andover,Massachusetts,Essex County,25009,01810,42.62231918901727,-71.2017239476,24649.94,12667.69,157226
e644a0d4-2815-7336-c7cd-e9cb72ce9471,1978-12-29,,999-79-3785,S99949074,X16559933X,Mr.,Alec,Weber,,,M,white,hispanic,M,Weymouth  Massachusetts  US,736 Crooks Road Apt 74,Natick,Massachusetts,Middlesex County,,00000,42.24608209629751,-71.39249796240982,37294.37,69590.00,61638
ce50bcbc-7a84-bd60-c08d-306c7ac2008f,1978-03-19,,999-97-8890,S99984411,X61483453X,Mr.,Fletcher,Abernathy,,,M,black,nonhispanic,M,Winchester  Massachusetts  US,376 Stiedemann Terrace,Clinton,Massachusetts,Worcester County,25027,01510,42.370195160525334,-71.70587867081937,55700.67,18596.26,43405
6403cf7e-f9ca-7bb3-9f60-4a4a4e656e3d,1994-05-21,,999-34-7777,S99980161,X41458324X,Mrs.,Lashaunda,Lubowitz,,Collier,M,white,nonhispanic,F,Worcester  Massachusetts  US,952 Spencer Well Suite 65,Andover,Massachusetts,Essex County,25009,01810,42.67240823902681,-71.20156174403272,41950.20,578490.35,888406
8f665a48-ca09-a2c0-6c68-c496a3b45503,1976-05-08,,999-82-6591,S99933542,X57206011X,Mrs.,Karisa,Kuhn,,Howe,M,white,nonhispanic,F,New Bedford  Massachusetts  US,962 Marquardt Trafficway Unit 58,Spencer,Massachusetts,Worcester County,25027,01562,42.29298467513917,-72.00452195060276,12710.92,988719.88,10935
999d6aff-9bd8-c466-12aa-82494b55c219,1998-05-14,,999-14-3544,S99992042,X60608842X,Mr.,Cedric,Rice,,,,white,nonhispanic,M,Boston  Massachusetts  US,268 O'Hara Meadow Suite 37,Norfolk,Massachusetts,Norfolk County,,00000,42.105453136084805,-71.28412580677683,31366.16,370063.84,76688
7dd5703e-3c74-4b3a-90bc-2b32033f0179,1967-01-28,,999-88-2563,S99997199,X17782528X,Mr.,Robbie,Brown,,,M,white,nonhispanic,M,East Falmouth  Massachusetts  US,972 Cremin Street Suite 52,Quincy,Massachusetts,Norfolk County,25021,02171,42.25404448398032,-70.99799697759408,47207.52,1434.73,47049
2660f0dc-f6c5-e2a2-2266-3aca677caab9,1965-12-23,,999-56-7778,S99931842,X12661759X,Mr.,Delbert,Collins,,,M,white,nonhispanic,M,Weymouth  Massachusetts  US,849 Rosenbaum Skyway,Malden,Massachusetts,Middlesex County,25017,02148,42.388269743780704,-71.09244172717229,7244.98,162906.96,14376
a92cce4d-3637-f91e-a773-61524573db88,2003-02-25,,999-73-3817,S99995190,,Mr.,Alejandro,Hammes,,,,black,nonhispanic,M,Chesterfield  Massachusetts  US,989 Wolf Well Unit 59,Boston,Massachusetts,Suffolk County,25025,02125,42.376061745967704,-71.0227322305966,25680.87,724350.99,62883
f612feb0-60df-e2c0-dbac-5d35f91a6beb,2006-10-31,,999-29-6806,S99925091,,,Dave,Schaefer,,,,other,nonhispanic,M,Yarmouth  Massachusetts  US,207 Emmerich Skyway,Somerset,Massachusetts,Bristol County,25005,02725,41.72133320437417,-71.14622234258701,21787.38,537501.10,121579
30892c0e-3c24-c1e5-2cc8-5ed0cae8c14c,2002-01-05,,999-59-2577,S99996405,X68951521X,Mr.,Marcelino,Daniel,,,,white,nonhispanic,M,Norwood  Massachusetts  US,483 Green Park Unit 85,Bedford,Massachusetts,Middlesex County,25017,01730,42.48565161435731,-71.32500399153726,27005.35,4518.73,36144
dc44a35d-33c2-a1c1-a365-a952af101db4,1969-02-16,,999-26-9357,S99955670,X89421614X,Mrs.,Irene,Gutiérrez,,Hurtado,M,white,hispanic,F,Roseau  Saint George  DM,1041 Jenkins Alley Apt 66,Worcester,Massachusetts,Worcester County,25027,01608,42.2231841543454,-71.7716892748332,16966.55,1171815.71,3315
71725ed6-5059-265c-4791-47a520df654e,2001-10-23,2005-10-22,999-88-4886,,,,Asuncion,Schmeler,,,,white,nonhispanic,F,Revere  Massachusetts  US,106 Wyman Walk,Boston,Massachusetts,Suffolk County,25025,02128,42.346820004448624,-70.99154844767321,16849.07,0.00,29559
eef8df36-f69d-4402-e93c-276b183d32eb,1989-06-17,,999-82-8039,S99970574,X55123269X,Mrs.,Vania,Powlowski,,Ortiz,M,asian,nonhispanic,F,Needham  Massachusetts  US,474 Cole Club Suite 7,Framingham,Massachusetts,Middlesex County,25017,01702,42.36131594681899,-71.41518983861585,44768.31,984169.50,76300
1479b8a0-a8b5-150d-0723-6b06b4bbea4b,2001-10-23,,999-53-8715,S99939901,X10833160X,Ms.,Latoria,Ward,,,,white,nonhispanic,F,Waltham  Massachusetts  US,469 Feil Wynd Suite 49,Boston,Massachusetts,Suffolk County,25025,02129,42.373104227940296,-71.0658952843558,28460.71,104887.25,29559
13065097-d481-33e5-33fd-99c495e72adc,1987-08-08,,999-93-7749,S99917411,X46236121X,Mrs.,Katrina,Boyle,,Gleason,M,white,nonhispanic,F,Bourne  Massachusetts  US,762 Runolfsson Gardens,Waltham,Massachusetts,Middlesex County,25017,02451,42.42782690341442,-71.24230712017614,42678.16,315274.75,175010
f97a543d-0f22-5fa1-2e6d-2f8ecfcff572,2007-09-22,,999-49-8183,,,,Angel,Quigley,,,,asian,nonhispanic,M,Marshfield  Massachusetts  US,453 Greenholt Path,Boston,Massachusetts,Suffolk County,25025,02119,42.316801899684016,-71.08018418989981,2750.00,21324.46,8589
e1c9073a-1083-dea7-ed1f-8f403253478d,1995-04-13,,999-34-7223,S99963859,X62298391X,Ms.,Carlena,Raynor,,,S,white,nonhispanic,F,Worcester  Massachusetts  US,418 Lindgren Stravenue Apt 34,Bridgewater,Massachusetts,Plymouth County,25023,02324,41.944375741969964,-70.99304333221559,42976.17,155253.13,150110
339757ae-386e-7636-3222-d32a1015551c,1997-08-28,,999-76-9830,S99916828,X56548226X,Ms.,Branda,Marquardt,,,,white,nonhispanic,F,Malden  Massachusetts  US,881 Treutel Mill,Lowell,Massachusetts,Middlesex County,25017,01852,42.658435889529954,-71.35191809155516,35932.48,270213.88,122177
e4349735-4ad7-5925-9826-8e54c968c4e6,1977-12-19,,999-33-7030,S99911651,X76825239X,Mrs.,Margarita,Carrero,,Mateo,M,asian,hispanic,F,Panama City  Panama  PA,639 Bruen Drive,Boston,Massachusetts,Suffolk County,25025,02203,42.36307768291631,-71.02191538093919,58459.68,616136.49,82964
f3554f28-f7b5-666f-2274-2e43eee9130c,1966-04-10,,999-87-1540,S99917758,X48612555X,Mr.,Alphonse,Conroy,,,M,white,nonhispanic,M,Tewksbury  Massachusetts  US,1073 Berge Meadow Apt 60,New Bedford,Massachusetts,Bristol County,25005,02747,41.64309295774002,-70.9367547377966,468348.22,64090.46,29712
a3127955-eb6d-6da1-2bb8-aa4ce0606a7f,1988-09-16,,999-64-5289,S99988994,X28641328X,Mr.,Wm,Treutel,,,M,white,nonhispanic,M,Marlborough  Massachusetts  US,916 Kling Course Unit 81,Boston,Massachusetts,Suffolk County,25025,02131,42.39183619539224,-71.0119841532538,6503.38,171259.78,8390
64d03e82-d301-d430-b26c-716e15098d50,1976-06-27,,999-22-8385,S99976388,X42889969X,Mr.,Arturo,Hintz,,,M,white,nonhispanic,M,Medfield  Massachusetts  US,482 Bergstrom Ville,Paxton,Massachusetts,Worcester County,,00000,42.35093586244364,-71.92486955987853,56517.03,742878.93,66206
ec510a31-845b-a70e-9cea-f2a508b2f1d4,1997-06-16,,999-48-6136,S99942122,X47058323X,Ms.,Marcell,Reichel,,,,asian,hispanic,F,Amesbury  Massachusetts  US,118 Cronin Rue Unit 75,Waltham,Massachusetts,Middlesex County,25017,02451,42.36820810087175,-71.22343752651057,42147.06,339786.29,37901
63518314-8fbc-2f92-55d4-6abcafd977b7,1996-12-11,,999-93-7310,S99951477,X54666334X,Mr.,Jarrett,Purdy,,,,white,nonhispanic,M,Orleans  Massachusetts  US,394 Reynolds Lock,Waltham,Massachusetts,Middlesex County,25017,02472,42.385082688607476,-71.26674810948634,7500.00,978803.22,2524
402d63bb-3daf-2516-c003-ae4d1e56e2ad,1975-08-03,,999-39-1937,S99922160,X41833479X,Mrs.,Velma,Halvorson,,Pollich,M,white,nonhispanic,F,Boston  Massachusetts  US,721 Harber Route,Pittsfield,Massachusetts,Berkshire County,25003,01201,42.43017712224539,-73.21179480671891,1060519.51,0.00,49892
c46f191e-7196-7ec6-778f-21a2377a0581,1985-01-05,,999-51-6064,S99962636,X43395290X,Mrs.,Tiera,Cartwright,,Harris,M,white,nonhispanic,F,Plymouth  Massachusetts  US,1085 D'Amore Grove Suite 1,Brockton,Massachusetts,Plymouth County,25023,02351,42.07683320435268,-70.91188245131917,230206.08,281022.61,40432
1c11c699-96ff-d8df-eee1-60a50786f090,1993-12-31,,999-37-4184,S99932592,X52487979X,Mrs.,Rita,Wilkinson,,Effertz,M,white,nonhispanic,F,Pepperell  Massachusetts  US,704 D'Amore Road Suite 7,Lawrence,Massachusetts,Essex County,25009,01843,42.67099593852805,-71.15774647463735,250906.84,999274.01,21745
9edddad2-1c6e-318c-8b7d-84fad81a36ed,2001-06-09,,999-48-4386,S99973662,X15411847X,Mr.,Elisha,Beatty,,,,white,nonhispanic,M,Westford  Massachusetts  US,750 Hayes Harbor Apt 62,Agawam,Massachusetts,Hampden County,25013,01030,42.112034967616715,-72.67154997650795,18989.00,3442.51,108251
44246ec1-a321-214a-a96c-8c86068687b4,1984-06-21,,999-85-3511,S99974588,X12513833X,Mr.,Jon,Thompson,,,M,white,nonhispanic,M,Boston  Massachusetts  US,941 Waters Harbor Unit 10,Brockton,Massachusetts,Plymouth County,25023,02351,42.11950752611104,-71.0379029101225,53028.77,4536.29,97917
02179e43-4ce6-e599-74b6-a365286627eb,2007-03-02,,999-95-2009,,,,Clark,Ryan,,,,white,nonhispanic,M,Boston  Massachusetts  US,1034 Kling Flat Unit 78,Whitman,Massachusetts,Plymouth County,,00000,42.058553951744216,-70.91131210119863,16318.30,3952.57,728755
5dd63fcd-339e-593c-34a4-0615104d32d8,1987-12-16,2011-07-21,999-26-8593,S99952845,X29376314X,Mr.,Elliott,Herzog,,,,black,nonhispanic,M,Amherst  Massachusetts  US,386 Sauer Drive,Boston,Massachusetts,Suffolk County,25025,02130,42.310668826015444,-71.06588207642814,6629.45,200593.20,13914
ef8f9055-a42c-9255-5295-3e8793f1b191,1971-08-12,,999-27-7467,S99970299,X80199590X,Mrs.,Jacelyn,Haag,,Will,M,white,nonhispanic,F,Framingham  Massachusetts  US,488 Schowalter Wall,Amherst Center,Massachusetts,Hampshire County,,00000,42.37843749456947,-72.49030764547567,56163.84,1654803.28,104936
e007a041-b450-98cc-0bf6-b0310c7e1d36,1971-03-21,,999-40-8277,S99955656,X20084040X,Mr.,Bernardo,Prosacco,,,M,white,nonhispanic,M,Waltham  Massachusetts  US,871 Ebert Overpass Unit 69,Norton,Massachusetts,Bristol County,,00000,41.93230881599184,-71.14439913155834,39221.68,34060.85,109835
7b4311d4-f38d-464d-cca1-11b8290db33b,1987-12-16,,999-68-2142,S99989151,X12216884X,Mr.,John,Larson,,,M,black,nonhispanic,M,Boston  Massachusetts  US,777 Wunsch Path Unit 73,Boston,Massachusetts,Suffolk County,25025,02135,42.41094204885374,-71.03544253225493,9858.60,114495.85,13914
b4207579-64f7-b30f-1683-367c4a1ff0b3,1966-08-27,,999-44-4859,S99987326,X5248564X,Ms.,Bernadine,Monahan,,,S,white,nonhispanic,F,Newton  Massachusetts  US,585 Swaniawski Rue,Oxford,Massachusetts,Worcester County,25027,01540,42.07389806873136,-71.81433117394835,23952.92,694758.03,1248
f8f30359-d447-d395-af25-568820325e55,2006-05-22,,999-73-5416,S99987696,,,Elana,Goodwin,,,,white,nonhispanic,F,Quincy  Massachusetts  US,432 Heller Manor Unit 41,New Bedford,Massachusetts,Bristol County,25005,02743,41.620837208265065,-71.00293578967923,18728.68,3324.28,66680
f260c183-8abf-c4fe-b81f-51762f4cf58e,1991-07-10,,999-20-9781,S99945803,X14964975X,Mr.,Florencio,Nienow,,,M,asian,nonhispanic,M,Waltham  Massachusetts  US,764 Schaefer Throughway Apt 56,Winchester,Massachusetts,Middlesex County,25017,01890,42.403667383877945,-71.1572207687186,28178.84,71589.81,161822
d1e9fb85-27a7-8fa6-98f9-8726af71f45c,1990-08-10,,999-81-3652,S99916061,X19898837X,Mr.,Florentino,Bartoletti,,,M,white,nonhispanic,M,Boston  Massachusetts  US,325 Mohr Lock,Mashpee,Massachusetts,Barnstable County,,00000,41.65298773701931,-70.47831664999327,30202.52,81371.14,71702
420fedfd-de48-0f97-f6f1-d38dbbe31fc5,2004-04-13,,999-76-9197,S99972080,,Mr.,Delmer,Marvin,,,,white,nonhispanic,M,Randolph  Massachusetts  US,835 Cummings Road,Fall River,Massachusetts,Bristol County,25005,02723,41.68755446120762,-71.12586509887717,21830.40,60777.49,38501
01ecb87c-d063-702b-0cd9-b863346923da,1988-01-07,,999-93-9435,S99931868,X85519308X,Mr.,Julius,Okuneva,,,M,asian,nonhispanic,M,Daegu  Daegu  KR,991 Reichert Estate Suite 81,Boston,Massachusetts,Suffolk County,25025,02129,42.34482145421838,-71.0818760989353,37869.57,16279.94,53340
62319774-2928-e134-18c4-146700e4b87f,2003-08-30,,999-50-2622,S99994168,,Ms.,Emilee,Mitchell,,,,black,nonhispanic,F,Harvard  Massachusetts  US,395 Wilderman Alley,Framingham,Massachusetts,Middlesex County,25017,01701,42.30631181001576,-71.46694162175672,21351.07,307107.81,21833
755046a6-c8f6-efef-ea5c-d40afcbdbc6e,1992-04-27,,999-99-7922,S99988416,X56301216X,Mrs.,Alaine,Jerde,,Rutherford,M,white,nonhispanic,F,Beverly  Massachusetts  US,596 Terry Knoll Unit 90,Braintree,Massachusetts,Norfolk County,25021,02184,42.196150991801076,-71.0000341986884,31022.97,907700.25,25723
5161eef3-f265-1c2f-66c3-2eb659eb6e69,1980-04-08,,999-78-6461,S99929512,X55396505X,Mr.,Frank,Anderson,,,S,white,nonhispanic,M,Tewksbury  Massachusetts  US,549 Schmidt Divide Apt 49,Cambridge,Massachusetts,Middlesex County,25017,02138,42.352794277174866,-71.13029254671729,777309.90,7325.37,50896
2f961121-9cec-521d-5b36-fa26e9d7a7af,1982-08-03,,999-10-3849,S99951436,X19239021X,Mr.,Pierre,Bradtke,,,S,white,nonhispanic,M,Woburn  Massachusetts  US,977 Nitzsche Lock,Needham,Massachusetts,Norfolk County,25021,02494,42.22905689894261,-71.25713679961395,33982.04,27344.16,63685
760a4b17-1dc2-75ca-d26e-0e01dcf0d41d,1992-12-06,,999-88-2620,S99932746,X21547828X,Mr.,Wilmer,Von,,,M,white,nonhispanic,M,Boston  Massachusetts  US,750 Gutkowski Boulevard,Westfield,Massachusetts,Hampden County,25013,01085,42.11809516529743,-72.75453510598788,39420.52,214767.49,175139
92b1cc40-bccb-996f-ebcb-cb7569f55f31,1977-05-26,,999-83-4045,S99920601,X75453913X,Ms.,Ladawn,Larson,,,S,white,nonhispanic,F,Worcester  Massachusetts  US,306 Stoltenberg Mews Apt 75,Falmouth,Massachusetts,Barnstable County,25001,02540,41.54773632883304,-70.60287323762076,602498.58,9004.22,52860
bb0f6880-f59c-962c-6a99-570e4fef1ad8,2008-10-15,,999-23-1740,,,,Russell,Schneider,,,,white,nonhispanic,M,Grafton  Massachusetts  US,534 Mosciski Skyway,Walpole,Massachusetts,Norfolk County,25021,02081,42.140417356746745,-71.27633482333825,4859.87,237501.40,85574
932d3167-38fd-f619-c713-4827b250dfc2,1992-09-23,,999-10-9263,S99948608,X28884543X,Mrs.,Nanette,Heller,,Waelchi,M,white,nonhispanic,F,Easthampton  Massachusetts  US,807 Pouros Forge,Boston,Massachusetts,Suffolk County,25025,02115,42.35600437838092,-71.00557880321918,7700.00,498379.69,14479
a137eb9c-f6f5-c4ba-f508-2be231180e8c,1997-08-12,,999-15-3805,S99951703,X66562446X,Ms.,Cherise,Heller,,,,white,nonhispanic,F,Westford  Massachusetts  US,1078 Labadie Road,Lexington,Massachusetts,Middlesex County,25017,02421,42.483090478138706,-71.23851592684487,40575.33,280173.19,23679
1b1152b9-39c4-0cdf-4c74-2d176e3797fa,2002-08-31,,999-75-4337,S99928845,X21985005X,Mr.,Newton,Hessel,,,,black,nonhispanic,M,Lynn  Massachusetts  US,361 Koepp Manor,Boston,Massachusetts,Suffolk County,25025,02114,42.26544078321355,-71.15105389712053,19817.66,5764.14,179511
a474c893-5517-b37f-ce82-0146a2f46463,1963-05-14,2021-09-03,999-27-5309,S99925277,X88532692X,Mr.,Ethan,Hoppe,,,M,white,nonhispanic,M,Dudley  Massachusetts  US,347 Connelly Fort Apt 12,Chelsea,Massachusetts,Suffolk County,25017,02149,42.40368327284381,-71.01499740810314,50224.47,219857.01,60893
2c610800-5168-9acc-001d-7ab90cacad2b,1981-02-27,,999-31-7052,S99953692,X3470777X,Ms.,Marilu,Bruen,,,S,white,nonhispanic,F,Longmeadow  Massachusetts  US,169 Daugherty Ramp Apt 7,Wrentham,Massachusetts,Norfolk County,,00000,42.03357040486703,-71.3777159160943,36660.21,497284.63,179219
488bbc5d-f2b0-17c6-ebd6-df659f1a85af,1998-02-27,,999-35-4210,S99973648,X3582449X,Mr.,Walker,Paucek,,,,white,nonhispanic,M,North Seekonk  Massachusetts  US,962 Wisoky Way Apt 10,Bridgewater,Massachusetts,Plymouth County,25023,02324,41.98904853791146,-70.94091430142217,23957.48,15075.71,137436
b6ab56b5-052d-e338-b485-4f9168a3dbda,1992-03-18,,999-24-7400,S99978583,X74020801X,Mr.,Mitchell,Hyatt,,,S,white,nonhispanic,M,Plymouth  Massachusetts  US,355 Kuhic Mill Apt 43,Harwich,Massachusetts,Barnstable County,,00000,41.718091763527525,-70.08052516408638,44755.76,749396.71,84441
ca5617d9-39fc-6c83-075c-1372fa2ede28,2012-03-27,,999-51-1279,,,,Mao,Franecki,,,,white,nonhispanic,F,Brockton  Massachusetts  US,227 Quigley Camp Suite 53,Hanson,Massachusetts,Plymouth County,25023,02341,42.00094145033513,-70.9087973643382,11246.82,4583.08,31076
188255e3-00c6-07eb-6f27-fe21e72a8b7b,1966-09-05,2020-01-04,999-40-3478,S99926642,X645633X,Mrs.,Sharleen,Stamm,,Bogan,M,white,nonhispanic,F,Amherst  Massachusetts  US,827 Runolfsdottir Key,Deerfield,Massachusetts,Franklin County,25011,01342,42.50250482589217,-72.61652919263403,74667.41,2115553.90,97014
7ecabefb-c02a-5529-6cd6-a98e23d9a684,1980-03-10,,999-48-8135,S99935098,X36377508X,Mrs.,Kirstin,Runolfsson,,Jaskolski,M,white,nonhispanic,F,Larissa  Larissa Prefecture  GR,979 Kertzmann Alley Apt 75,Worcester,Massachusetts,Worcester County,25027,01604,42.21194620557058,-71.77322041721703,10965.51,936590.61,3092
12b230b1-e9e1-a666-e77a-7b82491e316a,1963-05-14,,999-80-9970,S99925565,X77254192X,Mr.,Hershel,Pfannerstill,,,M,white,nonhispanic,M,Lakeville  Massachusetts  US,353 Zemlak Spur,Chelsea,Massachusetts,Suffolk County,25025,02150,42.38893642211614,-71.06553716385325,58082.30,51305.69,60893
fbe73efd-f224-16dd-3b2b-3fc8f2028990,1985-03-18,,999-30-7549,S99935078,X74414864X,Mrs.,Candelaria,Schaefer,,Reichel,M,white,nonhispanic,F,Springfield  Massachusetts  US,782 Wintheiser Meadow,Raynham,Massachusetts,Bristol County,,00000,41.92800606438675,-71.01353315981422,51067.47,1288340.48,60841
15510ce9-ac48-b3dd-d32a-a2a34c537d6c,1976-10-08,,999-49-6730,S99917796,X61338207X,Mrs.,Oretha,Aufderhar,,Pfannerstill,M,white,nonhispanic,F,Boston  Massachusetts  US,600 Wuckert Avenue,Lowell,Massachusetts,Middlesex County,25017,01854,42.64331835065963,-71.33079236762477,55392.22,813004.02,115034
2e273d66-e062-9140-51c1-e680b523c754,1966-09-05,,999-56-2980,S99943405,X19584168X,Mrs.,Yuki,Boyer,,Greenholt,M,white,nonhispanic,F,Westborough  Massachusetts  US,411 Simonis Highlands,Deerfield,Massachusetts,Franklin County,25011,01342,42.58768512680441,-72.6214581305813,78590.36,912412.80,97014
55c991fb-6cbe-eb6a-4c76-5b9f0ae779c1,1995-01-11,,999-56-2244,S99971551,X43777885X,Mr.,Arnulfo,Armstrong,,,M,white,nonhispanic,M,Rockland  Massachusetts  US,923 Padberg Spur Apt 65,Norwood,Massachusetts,Norfolk County,25021,02062,42.159293347305685,-71.22770275672445,8225.42,780884.83,3002
63e16f6c-99e6-b529-7062-7d5e183beff1,1990-01-08,,999-80-6793,S99940076,X68748274X,Mr.,Manual,Kovacek,,,M,white,nonhispanic,M,Medford  Massachusetts  US,837 Mann Well Unit 3,Barnstable,Massachusetts,Barnstable County,25001,02632,41.61262406876544,-70.26165713314506,31156.69,10269.59,85166
0edd2356-2fc3-4bc3-6aa5-05b69395296c,1964-10-15,,999-10-6149,S99988505,X43558260X,Mr.,Darin,Aufderhar,,,M,white,nonhispanic,M,Everett  Massachusetts  US,605 Luettgen Loaf,Westwood,Massachusetts,Norfolk County,,00000,42.263981110288164,-71.17949480334339,44709.33,81254.97,162818
1783612e-6ffe-2eff-5575-d0e1666e0312,1974-12-18,,999-36-3121,S99910897,X66646350X,Mrs.,Tabitha,Erdman,,Ward,M,white,nonhispanic,F,Framingham  Massachusetts  US,1086 Langworth Station,Dartmouth,Massachusetts,Bristol County,,00000,41.59891288450539,-70.97027485960207,17731.73,876632.71,4586
37c768d2-81e3-faec-ab62-5c3ec83463a5,2004-12-09,,999-17-2050,S99950696,,,Avery,Auer,,,,white,hispanic,F,Duxbury  Massachusetts  US,116 Stehr Gate,Pinehurst,Massachusetts,Middlesex County,25017,01866,42.5646627619443,-71.20260556613611,23385.77,73088.81,55218
8ddfb0a1-4af8-41cf-79ed-7cbc29130339,1994-12-28,,999-76-2317,S99999481,X33361798X,Mrs.,Yuriko,Douglas,,Metz,M,white,nonhispanic,F,Andover  Massachusetts  US,460 Reynolds Drive Unit 65,Northbridge,Massachusetts,Worcester County,,00000,42.09264497608441,-71.70513565526291,30174.81,356021.05,84629
a62d1d3b-fd81-f6fd-65bd-6b62f5ddeb3c,1989-07-06,,999-35-4332,S99945694,X59015561X,Mrs.,Clara,Garica,,Núñez,M,white,hispanic,F,Port-au-Prince  Haiti  HT,779 Wyman Highlands,Millbury,Massachusetts,Worcester County,,00000,42.20477548575058,-71.81558719332335,41307.27,728785.64,109631
922c07a4-376f-6cc2-eb95-ff1f6b83165b,1983-04-27,,999-27-4542,S99970115,X37672410X,Ms.,Hermila,Abshire,JD,,S,other,nonhispanic,F,West Boylston  Massachusetts  US,784 Shanahan Mill Unit 97,North Amherst,Massachusetts,Hampshire County,25015,01059,42.427857462686944,-72.54599388082973,252000.96,229517.87,39693
d7130a65-ee6a-f616-9b4a-5e490094ddeb,2003-08-12,,999-20-4702,S99983346,,Ms.,Laquanda,Macejkovic,,,,white,nonhispanic,F,Worcester  Massachusetts  US,631 Zemlak Quay,Peabody,Massachusetts,Essex County,25009,01940,42.50781339414933,-70.98148766698041,27574.75,816121.30,172972
c6810aed-9a3a-6755-88b1-e30c3c7a9cf7,1963-02-08,,999-73-3818,S99955119,X61966164X,Mrs.,Alexis,Thompson,,Ruecker,M,white,nonhispanic,F,Nantucket  Massachusetts  US,240 Zulauf View Suite 75,Shirley,Massachusetts,Middlesex County,25017,01464,42.593035010708675,-71.59138116160676,76190.70,1276954.01,62043
1b2a85df-dc1a-1993-87fb-e33914f3be4d,2010-11-23,,999-52-4489,,,,Caleb,Jacobi,,,,white,nonhispanic,M,Medford  Massachusetts  US,582 Harris Wynd,Sudbury,Massachusetts,Middlesex County,,00000,42.39138799542945,-71.43459233587703,11138.44,4204.42,92079
28d71f7f-d3a1-6ef0-9805-5e6294c5f2d3,1999-02-20,,999-65-9468,S99915688,X75756922X,Ms.,Denna,Gleason,,,,white,nonhispanic,F,Lynn  Massachusetts  US,1066 Mitchell Course Unit 82,Boston,Massachusetts,Suffolk County,25025,02131,42.35907414546893,-71.11609208626281,30157.55,470559.60,191419
16edd53e-5409-27bf-549e-6c6216561301,1963-02-08,2014-12-12,999-15-5556,S99961380,X1654258X,Mr.,Germán,Meza,,,M,asian,hispanic,M,Santiago  Santiago Province  CL,1089 O'Keefe Knoll Unit 13,Boston,Massachusetts,Suffolk County,25025,02130,42.307107164854244,-71.01520251748401,51791.91,52432.57,529290
4b94df41-6f66-5e5f-0e29-258e864e232b,2005-11-19,,999-48-9707,S99939606,,,Yen,Hagenes,,,,white,nonhispanic,F,Newton  Massachusetts  US,814 Corwin Club,Southampton,Massachusetts,Hampshire County,,00000,42.223041052878045,-72.76905549317692,17452.07,3077.76,124117
fa3e548c-7dec-ec2f-5a9a-b5f2a76e0fe2,2005-09-14,2014-09-12,999-52-3456,,,,Sherman,McLaughlin,,,,white,nonhispanic,M,Milford  Massachusetts  US,551 Donnelly Passage,Danvers,Massachusetts,Essex County,25009,01923,42.57956323704808,-70.90960714944045,11518.92,6432.65,695492
400351d1-6616-40dd-6b29-d9f9428a42c8,2005-09-14,,999-85-3036,S99981034,,,Burton,Heller,,,,white,nonhispanic,M,Ipswich  Massachusetts  US,214 Vandervort Center Apt 55,Danvers,Massachusetts,Essex County,25009,01937,42.57604384675684,-70.90115027521266,17957.51,15735.95,695492
25bbe93a-fcfc-c797-fecf-ec95443e06aa,1969-02-04,,999-46-5305,S99924258,X54229576X,Mr.,Ignacio,Soliz,,,M,native,hispanic,M,Salisbury  Saint Joseph Parish  DM,293 Grimes Flat,Springfield,Massachusetts,Hampden County,25013,01106,42.16455254860716,-72.52708235928759,51327.42,12179.41,91830
d0377f76-d980-894f-ce8a-8a12f7bcef31,1963-02-08,,999-25-2846,S99927785,X3774097X,Mr.,Benjamín,Ferrer,,,S,asian,hispanic,M,La Paz  Baja California  MX,548 Watsica Vista,Boston,Massachusetts,Suffolk County,25025,02118,42.31607032135321,-71.06611521284374,39712.14,97033.00,529290
402f162a-42bf-1f2f-5812-9323ded9731c,1979-02-02,,999-10-4510,S99966037,X39498408X,Mr.,Delmar,Funk,,,S,white,nonhispanic,M,Worcester  Massachusetts  US,299 Mueller Heights Apt 49,Webster,Massachusetts,Worcester County,25027,01570,42.09562098895448,-71.80179786619426,40348.17,487483.68,126699
d7132b16-3429-7a38-be71-781a6ca815b4,1993-10-25,,999-76-2694,S99942720,X14163459X,Mrs.,Demetrius,Morar,,Kunze,M,white,hispanic,F,Boston  Massachusetts  US,571 Abbott Path,Danvers,Massachusetts,Essex County,25009,01923,42.554445211546195,-70.98730196755227,33419.48,185665.72,82708
e34dc7e4-0e83-dbc3-cb8c-e31f3b76d5fc,1976-09-29,1983-09-28,999-10-9619,,,,Cruz,Cronin,,,,white,nonhispanic,M,Somerville  Massachusetts  US,598 Krajcik Grove,Westwood,Massachusetts,Norfolk County,,00000,42.19264928521526,-71.16714462272644,8752.85,1765.78,111777
c22f970f-63ad-be59-4920-f851e35e060f,2001-07-21,,999-89-7368,S99928183,X30963665X,Mr.,Trenton,Walsh,,,,white,nonhispanic,M,Georgetown  Massachusetts  US,990 Eichmann Key Apt 13,Wakefield,Massachusetts,Middlesex County,25017,01880,42.530374192637936,-71.10283502354233,21039.06,18744.86,83124
04adee49-3839-a9ce-a696-356534dad926,1966-07-01,2012-09-28,999-77-8042,S99919750,X42101946X,Mrs.,Micaela,Gutiérrez,,Toro,M,white,hispanic,F,Salisbury  Saint Joseph Parish  DM,420 Fay Junction,Fitchburg,Massachusetts,Worcester County,25027,01420,42.55437851551276,-71.78455102119209,1177663.25,230363.35,43474
08dc1470-064d-8ba3-05f3-cd208e880152,1967-01-12,,999-62-2833,S99969855,X27580415X,Mrs.,Adelia,Ferry,,Boehm,M,white,nonhispanic,F,Holyoke  Massachusetts  US,955 Wilkinson Skyway Unit 33,Marblehead,Massachusetts,Essex County,25009,01945,42.48100672754484,-70.87484902439067,15775.99,1595317.05,16799
e4c9433c-9788-745d-eff8-04676430988b,1976-09-29,,999-21-4702,S99945180,X3380740X,Mr.,Jamar,Ferry,,,M,white,nonhispanic,M,Lynn  Massachusetts  US,104 Cummings Gardens Suite 80,Westwood,Massachusetts,Norfolk County,,00000,42.249119211665885,-71.22881795007508,40192.90,36464.20,111777
2ef17412-2057-d269-4d50-60b0636ecfbc,1988-01-03,,999-16-7018,S99915538,X87864738X,Mrs.,Karren,Medhurst,,Kunze,M,white,hispanic,F,Arlington  Massachusetts  US,376 Hagenes Path Suite 2,Erving,Massachusetts,Franklin County,,00000,42.634008643454,-72.43260887066884,40255.09,620228.22,95878
f8c47c74-44ca-f75c-1958-7f26e1adf9b2,1992-12-20,,999-63-7286,S99984775,X63321049X,Mr.,Stuart,Dickens,,,S,white,nonhispanic,M,Easton  Massachusetts  US,540 Bashirian Mall Apt 88,Tewksbury,Massachusetts,Middlesex County,,00000,42.578795969417214,-71.22026565501051,34559.97,86935.73,96474
f0b707c5-1888-9c31-718b-454481be7ba7,1966-07-01,,999-85-4595,S99939329,X1005022X,Ms.,Berta,Miramontes,,,S,white,hispanic,F,Salisbury  Saint Joseph Parish  DM,872 White Row Suite 87,Fitchburg,Massachusetts,Worcester County,25027,01420,42.624422177460815,-71.78219543569705,1108854.68,0.00,43474
9085f32f-acb9-a021-3ac8-e01fc4a2191c,1979-10-18,,999-93-2450,S99942972,X28644111X,Mr.,Brady,Rippin,,,M,white,nonhispanic,M,Lawrence  Massachusetts  US,815 Cormier Crossing,Boston,Massachusetts,Suffolk County,25025,02134,42.25124692353347,-71.00397753542374,5652.83,40783.90,16888
7659b2d5-d4ac-0f54-eac5-7fb95747fc75,1973-04-23,,999-16-1631,S99910734,X83082002X,Mr.,Miguel Ángel,Pulido,,,M,white,hispanic,M,Santo Domingo  National District  DO,896 Reynolds Ferry Unit 37,Springfield,Massachusetts,Hampden County,25013,01119,42.21782585916734,-72.55614807026988,7636.05,647980.25,9719
d6fb660c-12e8-416f-3a98-7a959339af73,1968-04-16,2014-09-04,999-98-9684,S99913362,X20280346X,Mrs.,Cassi,Schoen,,Wuckert,M,white,nonhispanic,F,Westfield  Massachusetts  US,447 Senger Parade Suite 3,Sandwich,Massachusetts,Barnstable County,25001,02563,41.69682283551877,-70.47633203219443,504502.22,89702.90,51927
d6939f2a-5395-6a13-45c2-4160cfdd19cb,1981-11-29,,999-46-7253,S99926692,X28224051X,Mr.,Eddie,Sauer,,,M,white,nonhispanic,M,Wareham  Massachusetts  US,916 Rempel Arcade,Haverhill,Massachusetts,Essex County,25009,01835,42.72410790776931,-71.11625146963344,89911.96,758553.61,50456
55171cf4-50d8-93fa-2138-ac08b44b5ead,1986-03-29,,999-20-8254,S99935435,X76581769X,Mr.,Ned,Trantow,,,M,white,nonhispanic,M,Norwood  Massachusetts  US,780 Skiles Mill Unit 90,Orange,Massachusetts,Franklin County,25011,01364,42.64784821310619,-72.30449988571239,35266.19,62229.38,38720
54e1d66f-8e7a-87bd-5348-eb7d389c0b69,1994-07-18,,999-62-5300,S99956960,X82118520X,Mr.,Preston,Flatley,,,M,white,nonhispanic,M,Grafton  Massachusetts  US,891 Stoltenberg Vista,Lowell,Massachusetts,Middlesex County,25017,01851,42.615452258946895,-71.37598001580747,7750.00,84342.27,13810
6ad822f6-e598-3e85-08b0-b1630bfb2848,2011-06-27,,999-14-4340,,,,Arthur,Toy,,,,white,nonhispanic,F,Lowell  Massachusetts  US,605 Hessel Lodge,Andover,Massachusetts,Essex County,25009,01810,42.61325885344974,-71.11238774680135,14222.47,8332.09,52437
5de367f4-14cc-1cad-9bd0-4f06e7078b38,1995-03-29,2021-03-03,999-53-8189,S99934327,X39829780X,Mr.,Dominic,Crist,,,,white,nonhispanic,M,Cambridge  Massachusetts  US,253 Medhurst Ranch Suite 0,Foxborough,Massachusetts,Norfolk County,25021,02035,42.107421236941825,-71.25174225499383,25272.05,135547.02,904472
5aab1681-aa53-fa00-3680-b5a80a707759,1989-04-10,,999-32-4264,S99956103,X87385387X,Mrs.,Christal,Klein,,Marvin,M,white,nonhispanic,F,Fitchburg  Massachusetts  US,292 Weimann Plaza Apt 30,Middleborough,Massachusetts,Plymouth County,,00000,41.915173950604384,-70.85489354699973,8735.55,500260.00,14225
4175416a-febd-f86f-cac7-aff203b1eaf9,1990-08-29,,999-80-3629,S99930510,X18287187X,Mr.,Buddy,Rath,,,M,white,nonhispanic,M,Revere  Massachusetts  US,597 Conroy Arcade,Boston,Massachusetts,Suffolk County,25025,02120,42.43621107296637,-71.00627651299772,25439.66,15596.86,86772
2838449b-9947-c70f-a644-ad918c554708,1995-03-29,,999-77-8181,S99929421,X84932656X,Mr.,Sheldon,Effertz,,,S,white,nonhispanic,M,Holden  Massachusetts  US,398 Wyman Promenade,Foxborough,Massachusetts,Norfolk County,25021,02035,42.0229602954497,-71.26900490691312,30504.22,2649.56,904472
18a6004c-0199-77f6-080d-69cd4ca5d4fa,1992-11-05,,999-65-4778,S99988601,X39878487X,Mr.,Jeremy,Rath,,,M,white,nonhispanic,M,Boston  Massachusetts  US,1089 Lesch Hollow,Granby,Massachusetts,Hampshire County,25015,01033,42.20636266348526,-72.50519514734698,26809.57,24016.34,132387
7a37429d-b9ea-8a6e-161e-8d08a9682d04,2011-05-18,,999-99-1584,,,,Elba,Ryan,,,,white,nonhispanic,F,Weymouth  Massachusetts  US,108 Senger Green Apt 52,Charlton,Massachusetts,Worcester County,,00000,42.15802453505352,-71.99210211915613,11221.78,13640.60,184078
0d7736a0-6233-5076-69a7-e99fcedd1fbd,2004-12-16,,999-89-8350,S99915244,,,Tanner,Kautzer,,,,white,nonhispanic,M,Rockport  Massachusetts  US,588 Kilback Gardens Apt 68,Peabody,Massachusetts,Essex County,25009,01940,42.57208100765231,-70.99881757192556,18282.26,4748.43,138791
518f49eb-e9ed-29e4-9406-386c767e35a9,1968-04-16,2011-11-09,999-79-3696,S99972816,X54577635X,Mrs.,Ester,Wintheiser,,West,M,white,nonhispanic,F,Charlton  Massachusetts  US,173 Murazik Highlands,Sandwich,Massachusetts,Barnstable County,25001,02563,41.76122399358068,-70.50829638935743,1371287.84,153066.21,51927
22ad893a-a9ad-2683-3827-4dce1fc4eaf3,1996-05-13,,999-84-6503,S99938602,X89331989X,Mr.,Clay,Dickens,,,,white,nonhispanic,M,Worcester  Massachusetts  US,551 Treutel Esplanade Suite 75,Wilmington,Massachusetts,Middlesex County,25017,01887,42.55220498273884,-71.18317595945734,27570.12,10443.53,21658
83ce7207-bb35-238d-428c-3fa1c096ccfc,1968-05-01,,999-72-8333,S99944483,X71379155X,Ms.,Rossie,Ziemann,,,S,other,hispanic,F,Sharon  Massachusetts  US,383 Smitham Viaduct Suite 73,Lynn,Massachusetts,Essex County,25009,01906,42.43194713968257,-70.98345710238533,14235.55,1365776.86,7448
7125de26-99b0-e948-3f75-604f284bcf6a,1997-06-08,,999-22-6590,S99957353,X75304468X,Ms.,Michal,Nitzsche,,,,white,nonhispanic,F,Southbridge  Massachusetts  US,127 Schuster Club Apt 90,Duxbury,Massachusetts,Plymouth County,25023,02332,42.04622311123246,-70.7017921992822,181261.02,112156.03,36241
efc5a566-b7ff-6fdd-f569-7131d45f4a91,1968-04-16,,999-42-9257,S99957563,X3371078X,Mrs.,Tania,Dibbert,,Paucek,M,white,nonhispanic,F,Norton Center  Massachusetts  US,329 Welch Trailer Apt 0,Sandwich,Massachusetts,Barnstable County,25001,02563,41.74204676289739,-70.52745575375997,562489.35,746604.91,51927
87e35de7-b999-29b8-b24d-054e3a6417d7,1995-02-16,,999-25-5588,S99994230,X57324651X,Mrs.,Noma,Runte,,Gusikowski,M,white,nonhispanic,F,Billerica  Massachusetts  US,1015 Bradtke Corner,Burlington,Massachusetts,Middlesex County,25017,01803,42.45999565656766,-71.27247671187214,13406.18,1435432.71,16619
0abd9ed5-5f2b-d919-383d-ad399aed7d63,1987-11-09,,999-82-7586,S99914202,X56806653X,Mr.,Reyes,Langworth,,,M,white,nonhispanic,M,Quincy  Massachusetts  US,357 Nitzsche Junction,Amherst,Massachusetts,Hampshire County,,00000,42.3627073859446,-72.54738397715745,40982.77,225491.47,110904
9635b000-c7a4-1008-969d-d13125ab3a30,1982-03-26,,999-35-4829,S99998898,X59835917X,Mr.,Samuel,Sauer,,,M,white,nonhispanic,M,Boston  Massachusetts  US,464 Ullrich Branch Suite 89,Rutland,Massachusetts,Worcester County,25027,01543,42.373526703389615,-72.01292481032051,54836.71,9665.65,35081
5ed37a08-7437-325a-8f07-17265d588e07,1991-10-27,,999-28-8669,S99938300,X36101265X,Mrs.,Dianna,Harber,,Wiza,M,white,nonhispanic,F,Boston  Massachusetts  US,367 Marquardt Frontage road,Boston,Massachusetts,Suffolk County,25025,02135,42.275324080574656,-71.09080282786196,265436.97,312805.24,508
5ced78d5-ed69-df49-de42-35df96bf6eef,2002-07-10,,999-45-5481,S99953924,X33614759X,Mr.,Mohammad,Auer,,,,white,nonhispanic,M,Taunton  Massachusetts  US,194 Gusikowski Road,Sharon,Massachusetts,Norfolk County,25021,02067,42.12341672444687,-71.22320502704211,25032.25,9161.08,122170
e158b894-5609-5f0d-b64c-80a340c6c728,1972-12-06,,999-73-8855,S99924205,X89609783X,Mrs.,Tori,Pagac,,Lynch,M,white,nonhispanic,F,Yarmouth  Massachusetts  US,338 Crist Manor,Somerville,Massachusetts,Middlesex County,25017,02138,42.41696846172526,-71.170098728584,19200.00,732159.84,7247
11833c2c-2a95-7279-4663-3b7a89e925cb,1995-11-02,,999-58-4394,S99974396,X966182X,Mrs.,Sherrell,MacGyver,,Osinski,M,asian,nonhispanic,F,Daegu  Daegu  KR,807 Howell Underpass,Hudson,Massachusetts,Middlesex County,25017,01749,42.40176703525022,-71.51750149469305,33511.31,346480.73,112787
a4497dd4-755b-7a14-7f11-50228907f03d,1995-07-14,,999-94-4170,S99954259,X36903393X,Mr.,Pedro,Hills,,,M,white,nonhispanic,M,Arlington  Massachusetts  US,328 Zulauf Center,Bellingham,Massachusetts,Norfolk County,25021,02019,42.03312012337961,-71.47887766848847,35723.94,43289.06,70467
79c6ecce-550b-8130-8d2f-8e4f0db9226b,1998-06-25,,999-21-9864,S99973175,X37268780X,Mr.,Rocco,Langosh,,,,white,nonhispanic,M,Boston  Massachusetts  US,257 Grady Alley,Milford,Massachusetts,Worcester County,25027,01757,42.19972639239501,-71.5476427536414,34465.25,49583.29,42993
1ce7864e-b402-337b-cd5e-28ce5b165532,2001-03-01,,999-49-8048,S99981530,X879349X,Mr.,Monty,Parisian,,,,white,nonhispanic,M,Framingham  Massachusetts  US,609 Morar Mews Suite 56,North Andover,Massachusetts,Essex County,,00000,42.649616058617724,-71.1133268318375,25901.92,21276.79,192026
fae63085-40db-c80d-a2f0-ed93f1e95951,1989-07-16,,999-24-8903,S99918567,X14460539X,Mrs.,Alease,Olson,,Murphy,M,white,nonhispanic,F,Chicopee  Massachusetts  US,1025 Schowalter Annex Unit 91,Saugus,Massachusetts,Essex County,25009,01906,42.50226167753548,-71.03910908299395,49893.86,847262.12,64518
f6d16816-fad2-9ab1-8add-501ae9a0914b,2001-03-15,,999-85-6801,S99984604,X79361306X,Mr.,Josue,Cruickshank,,,,white,nonhispanic,M,Boston  Massachusetts  US,222 Wehner Road Apt 57,Hull,Massachusetts,Plymouth County,25023,02045,42.26612859802431,-70.88007329984246,23086.65,14209.37,79776
ad7f91d7-653f-8a63-a62f-942b6d73b380,1988-10-14,,999-67-4458,S99989666,X88215551X,Mrs.,Chanel,Runte,,Toy,M,white,nonhispanic,F,Truro  Massachusetts  US,597 Cummings Track,Yarmouth Port,Massachusetts,Barnstable County,25001,02675,41.687912212911485,-70.19437852375248,53179.61,926374.47,56935
a5889415-30d4-2332-2b15-58af5dfd7672,2005-03-24,,999-86-7165,S99967662,,,Dean,Lynch,,,,white,nonhispanic,M,Westborough  Massachusetts  US,260 Walker Walk Unit 11,Mansfield,Massachusetts,Bristol County,,00000,41.97760854069192,-71.24133341410993,14039.25,7319.15,20026
e2189ee1-b39c-cf7e-9d30-766c677a5942,1994-05-27,,999-96-8290,S99999197,X80610634X,Mr.,Dylan,Parisian,,,M,white,nonhispanic,M,Plymouth  Massachusetts  US,754 Kirlin Extension Suite 17,Lynn,Massachusetts,Essex County,25009,01905,42.48877360316393,-71.03533080204001,92358.07,0.00,34468
9afaec24-f58f-17ea-ce90-7d7c34bb3096,1986-09-28,,999-87-1815,S99940802,X75688861X,Mrs.,Colette,Kuhn,,Hodkiewicz,M,white,nonhispanic,F,Peabody  Massachusetts  US,729 Goodwin Loaf,Bridgewater,Massachusetts,Plymouth County,25023,02324,41.93996145921798,-70.967985532415,48501.72,470593.77,71597
08d860d1-77f3-8240-bda6-b893d6ad6c3b,2010-04-17,,999-63-1322,,,,Trey,Fahey,,,,white,nonhispanic,M,Hanover  Massachusetts  US,381 Miller Underpass Unit 97,Holliston,Massachusetts,Middlesex County,,00000,42.19984159020751,-71.48956184256244,13959.32,7168.63,106822
8fe69acc-f1b4-444d-6f6d-78669811bebf,1999-07-29,,999-53-2706,S99948926,X57131217X,Ms.,Shenita,Oberbrunner,,,,white,nonhispanic,F,Boston  Massachusetts  US,467 Bechtelar Meadow Suite 83,Acushnet Center,Massachusetts,Bristol County,,00000,41.67443157473874,-70.86354814791788,27442.50,352876.37,89139
6bf25bef-2691-8071-5af2-9e45b9d7b1d6,1990-10-20,2016-12-03,999-41-5951,S99999570,X23010300X,Ms.,Karren,Raynor,,,,white,nonhispanic,F,Somerville  Massachusetts  US,863 Jacobs Viaduct,Mansfield,Massachusetts,Bristol County,,00000,42.01046497392022,-71.25358672834936,9800.00,594126.41,15627
1c6034ff-b8e4-8ef5-d0f4-61b5ab5c176a,2002-08-23,,999-82-2436,S99975884,X88091201X,Mr.,Francesco,Labadie,,,,asian,nonhispanic,M,Cambridge  Massachusetts  US,945 Konopelski Passage,Boston,Massachusetts,Suffolk County,25025,02131,42.247704533645,-71.09703852701708,20908.64,28439.49,24416
4501804f-3ec9-6909-95a2-a96e63fada41,1979-06-16,,999-37-1721,S99931869,X4530487X,Mrs.,Farah,Baumbach,,Gusikowski,M,white,nonhispanic,F,Peabody  Massachusetts  US,1036 Rath Heights Unit 47,North Adams,Massachusetts,Berkshire County,25003,01247,42.644752439443145,-73.11617597710074,59184.47,1059827.96,72590
28fff5c8-11c7-b616-b49a-2a725b4264f0,1999-02-18,,999-78-9249,S99975882,X63682507X,Mr.,Judson,Luettgen,,,,white,nonhispanic,M,Littleton  Massachusetts  US,820 Wilderman Quay Apt 61,Milford,Massachusetts,Worcester County,25027,01757,42.19537020915009,-71.48565695327815,41021.88,23563.53,48361
3eb1ae69-c2e8-3a58-5dc5-a10773c2be87,1999-08-08,,999-63-5083,S99972777,X82916818X,Mr.,Errol,Paucek,,,,other,nonhispanic,M,Rockport  Massachusetts  US,1029 Raynor Dale,Westwood,Massachusetts,Norfolk County,,00000,42.182824385089155,-71.2374751090102,28984.45,317307.93,55010
1add3fa0-d4c5-fdfa-aab8-81e1d2d24f5e,1990-10-20,,999-56-3198,S99992739,X4389392X,Mrs.,Doretta,Kuhic,,Jacobs,M,white,nonhispanic,F,Randolph  Massachusetts  US,414 Jacobson Trailer Suite 85,Mansfield,Massachusetts,Bristol County,,00000,41.96886396078155,-71.20229135723127,21814.69,2417346.18,15627
f0c029c7-8ca1-33ff-e4b9-920461c9a15a,1971-01-08,,999-78-3739,S99957532,X17192169X,Mrs.,Shaquita,Maggio,,Johns,M,white,nonhispanic,F,Swampscott  Massachusetts  US,906 Veum Meadow Suite 47,Clinton,Massachusetts,Worcester County,25027,01510,42.40982799082865,-71.70614021404809,268325.07,0.00,51835
a3e33ab5-4a14-2af8-ae9b-af67ef5ac801,1974-09-03,,999-57-4016,S99985189,X52864318X,Mrs.,Leisa,Ortiz,,Ankunding,M,white,nonhispanic,F,Wayland  Massachusetts  US,203 Langosh Approach,Lowell,Massachusetts,Middlesex County,25017,01854,42.59311879820896,-71.30773727001747,68151.87,1189962.31,113665
4286d15e-e406-2b47-ea96-48c9de472338,1975-02-05,1982-02-03,999-18-3878,,,,Demarcus,Rogahn,,,,black,nonhispanic,M,Southwick  Massachusetts  US,350 Hermiston Wall Unit 13,Belmont,Massachusetts,Middlesex County,25017,02138,42.36143138225625,-71.13007529290373,9999.50,37529.88,288149
6d2144c3-416b-8e5c-8e06-8f222eacfc3d,1981-02-03,2001-04-20,999-14-4102,S99925748,X43835395X,Ms.,Donella,Keebler,,,,white,nonhispanic,F,Ludlow  Massachusetts  US,917 Kshlerin Fork Suite 70,Norfolk,Massachusetts,Norfolk County,,00000,42.14439646915838,-71.27953009185845,65536.29,258324.84,21452
e1ef5e61-6054-6331-9e38-1aa109870389,2005-02-11,,999-48-2726,S99947450,,,Ira,Maggio,,,,white,nonhispanic,M,Boston  Massachusetts  US,655 Bednar Trafficway Apt 69,Brookfield,Massachusetts,Worcester County,25027,01506,42.13886946352361,-72.114073726521,20604.26,31822.20,54159
ff5514a2-c042-bce1-1ca0-189e429f305f,1981-02-03,,999-27-3378,S99921332,X37115149X,Mrs.,Lawrence,Daugherty,,Weimann,M,white,nonhispanic,F,Lowell  Massachusetts  US,983 Stoltenberg Byway Unit 6,Norfolk,Massachusetts,Norfolk County,,00000,42.09128723621753,-71.28708014742627,268008.73,570251.89,21452
9dab96c4-01ee-e3b7-1caa-d380ad5b727b,1975-02-05,,999-84-2983,S99931135,X89910279X,Mr.,Cristopher,Bogisich,JD,,M,black,nonhispanic,M,Springfield  Massachusetts  US,471 Hirthe Village,Belmont,Massachusetts,Middlesex County,25017,02472,42.42127723220769,-71.13883482896361,40787.98,31855.96,288149
de5c3811-8251-1272-0ee2-2b49b4c68fe6,1986-05-10,,999-42-5805,S99951011,X79862607X,Mr.,Lyndon,Wolff,,,M,white,nonhispanic,M,Franklin  Massachusetts  US,797 Sporer Loaf Apt 44,Chicopee,Massachusetts,Hampden County,25013,01013,42.23712988314327,-72.52524302070063,28999.96,22630.13,90133
3b64911b-193a-1faf-1962-858f1fb64dc0,2006-03-29,,999-47-2783,S99929851,,,Carl,Fisher,,,,white,hispanic,M,Swansea  Massachusetts  US,338 Johns Ville Unit 79,Framingham,Massachusetts,Middlesex County,25017,01702,42.34536830770318,-71.41714769877791,17680.86,5110.09,33602
31694746-a2ca-f24d-b137-9d38c1ece060,2012-05-13,,999-16-1317,,,,Stanford,Sauer,,,,white,nonhispanic,M,Chicopee  Massachusetts  US,287 Jakubowski Ville Suite 78,Worcester,Massachusetts,Worcester County,25027,01545,42.402904322472594,-71.823644735142,11263.25,4715.35,49387
7ac35ce4-9a41-ab43-8e9e-e1f684428ef6,1972-07-14,,999-87-8547,S99916880,X86289658X,Ms.,Kamilah,Davis,,,S,white,nonhispanic,F,Hanover  Massachusetts  US,100 Herman Trace,Waltham,Massachusetts,Middlesex County,25017,02451,42.435319184833425,-71.21675889466606,61962.25,864110.57,404085
ce9f4463-d048-cc81-411a-58ae17855d1a,2012-03-11,,999-23-2195,,,,Van,MacGyver,,,,asian,nonhispanic,F,Worcester  Massachusetts  US,239 Sporer Ferry Suite 43,Granby,Massachusetts,Hampshire County,25015,01033,42.247582347142135,-72.48845975415708,15731.06,87684.21,40737
57a00a8a-307d-b78c-e9e2-6ddfa77bfb7f,2001-10-16,,999-34-6920,S99965078,X45154587X,Ms.,Madeleine,Torp,,,,white,nonhispanic,F,Wrentham  Massachusetts  US,905 Gleason Orchard,Concord,Massachusetts,Middlesex County,,00000,42.42488180761653,-71.32904524838334,25709.63,74574.10,163951
12774bc2-37e8-f1e2-b84e-f326557689ca,2003-09-11,,999-31-9709,S99991029,,Ms.,Concepción,Orellana,,,,white,hispanic,F,Carolina  Puerto Rico  PR,1041 Frami Green,Worcester,Massachusetts,Worcester County,25027,01606,42.31823302876254,-71.83141332013005,59817.69,0.00,36548
14896b52-6a94-b780-ab27-0c8bb01c1a1c,2000-08-14,,999-14-9768,S99994115,X15120796X,Ms.,Cayla,Johns,,,,white,nonhispanic,F,Plymouth  Massachusetts  US,922 Haag Flat,Medford,Massachusetts,Middlesex County,25017,02155,42.472063243688225,-71.11149922270226,25869.73,94626.32,120744
e2d1854d-ee6c-def7-46ea-9f5fc5053ce0,1998-08-21,,999-20-3774,S99975933,X44519710X,Mr.,Lorenzo,Bauch,,,,white,nonhispanic,M,Revere  Massachusetts  US,1007 Huels Knoll,Saugus,Massachusetts,Essex County,25009,01906,42.478294202459146,-70.98625418650848,7950.00,834996.59,2738
e0c90508-4693-5d70-7436-853681b3a367,2002-11-01,,999-97-5503,S99999599,X5132008X,Mr.,Caleb,Yost,,,,white,nonhispanic,M,Longmeadow  Massachusetts  US,707 Reynolds Common,Malden,Massachusetts,Middlesex County,25017,02148,42.402785099245385,-71.09683612025106,21588.27,8553.18,173239
99e87d08-a36a-4fcd-c8a2-65c3a5afa84d,1980-03-06,,999-83-2525,S99919513,X55330205X,Ms.,Mittie,Jacobs,,,S,white,nonhispanic,F,Amesbury  Massachusetts  US,748 Kunde Common Apt 98,Pembroke,Massachusetts,Plymouth County,,00000,42.091241405242904,-70.75772554770597,54660.17,739996.62,114721
a5043d78-bb20-5a7e-bfc7-9ac23ee42b9e,1972-02-22,,999-37-8064,S99974976,X16321674X,Mrs.,Adina,Armstrong,,Bradtke,M,white,nonhispanic,F,Plymouth  Massachusetts  US,799 Steuber Drive Apt 56,Fall River,Massachusetts,Bristol County,25005,02747,41.70392758479726,-71.16243460997467,13883.49,1190657.52,9872
9609934f-3494-1fa8-00d1-fc2cb1cbfc2a,1998-02-09,,999-55-4772,S99958436,X12965395X,Mr.,Alonzo,Gleichner,,,,white,nonhispanic,M,Framingham  Massachusetts  US,614 Pacocha Stravenue Unit 6,Boston,Massachusetts,Suffolk County,25025,02121,42.391016651212574,-71.12227389855504,31687.77,17690.93,67514
6f37ede9-2e15-2597-20be-d849e7e72cc5,1997-06-18,,999-23-6939,S99985097,X38884178X,Mr.,Darron,Herman,,,,white,nonhispanic,M,Boylston  Massachusetts  US,358 Mueller Bypass,Winchester,Massachusetts,Middlesex County,25017,01890,42.40457777845188,-71.1472506860668,25282.91,6562.29,830003
e49a1d2b-2e1d-f249-d83e-a5fa06f7e168,1998-12-11,,999-97-4349,S99933285,X57030529X,Mr.,Wilbert,Mueller,,,,white,nonhispanic,M,North Seekonk  Massachusetts  US,782 Kilback Neck,Sharon,Massachusetts,Norfolk County,25021,02067,42.10564334032156,-71.19154936198645,4950.00,114200.37,3783
9920ec72-327f-cdf3-4d50-03e504460415,2001-01-31,,999-80-2774,S99967213,X48245923X,Ms.,Liza,Dare,,,,white,nonhispanic,F,Cordaville  Massachusetts  US,407 Mertz Mill Suite 18,Quincy,Massachusetts,Norfolk County,25021,02171,42.256779931806896,-70.96409752796396,37428.91,65404.45,34213
cc9e9f7a-7bed-a284-3ff3-1a246bc33939,1992-01-01,,999-57-1587,S99944736,X83654184X,Ms.,Audrie,Green,,,S,white,nonhispanic,F,Beverly  Massachusetts  US,735 Ortiz Byway Apt 1,Boston,Massachusetts,Suffolk County,25017,02467,42.35337929543123,-71.10231838511586,74909.52,92070.10,38623
f3b93f01-84fb-9910-f537-a3cc7ca06129,1973-12-11,,999-93-2595,S99940814,X65360462X,Mr.,Ron,Padberg,,,M,white,nonhispanic,M,Ashland  Massachusetts  US,868 Bashirian Port,Oak Bluffs,Massachusetts,Dukes County,,00000,41.44356139256245,-70.59138483845966,41265.54,1251202.08,148230
02bce0fe-5fa5-eeaf-1723-97816e98e093,1983-02-07,,999-45-5828,S99910151,X48236695X,Mr.,Gavin,Zulauf,,,M,white,nonhispanic,M,Quincy  Massachusetts  US,562 Breitenberg Fork Suite 84,Malden,Massachusetts,Middlesex County,25017,02148,42.38791868185174,-71.0725251821362,49063.21,41033.41,43041
0b192bcb-a1b7-2920-f6b7-d8bc33884418,1994-01-08,,999-99-5649,S99953552,X2029925X,Mr.,Adan,Kovacek,,,M,white,nonhispanic,M,Falmouth  Massachusetts  US,468 Champlin Parade Suite 96,North Attleborough,Massachusetts,Bristol County,,00000,42.00139507539961,-71.28936288613266,7150.00,773980.91,6610
72783d46-6645-9490-6775-768d080fcff9,1978-03-28,,999-57-3286,S99994995,X20569465X,Mrs.,Camellia,Jaskolski,,Cremin,M,white,nonhispanic,F,Quincy  Massachusetts  US,292 Bergnaum Trafficway Apt 15,Chelsea,Massachusetts,Suffolk County,25017,02149,42.39581113738294,-71.06498093152808,60538.53,1048573.32,614828
f4023938-aa7c-e086-c883-a60d05b75b54,1970-12-11,,999-89-4927,S99967171,X72967794X,Mr.,Hugh,Paucek,,,M,white,nonhispanic,M,Canton  Massachusetts  US,282 Quigley Orchard,Franklin,Massachusetts,Norfolk County,25021,02038,42.088488190354134,-71.41269782141167,43228.39,69967.04,83359
17194e10-2023-f76d-a239-05fa968a256a,1968-11-10,,999-92-7718,S99971997,X82669316X,Mrs.,Alia,Christiansen,,Ward,M,asian,nonhispanic,F,Daegu  Daegu  KR,181 Tromp Trace,Chelsea,Massachusetts,Suffolk County,25025,02150,42.3813580167734,-71.04012713358738,17115.34,1541095.13,8726
ba193b51-efb6-4323-51df-db3877751e4b,1977-04-19,,999-13-8092,S99978511,X33141550X,Mrs.,Silva,Brekke,,Koch,M,white,nonhispanic,F,Somerville  Massachusetts  US,155 Crona Grove Suite 52,Acton,Massachusetts,Middlesex County,,00000,42.43467132725145,-71.41141389669359,48324.19,897175.90,58484
e60f404f-eea7-d67b-d591-6f52f6d1a22a,1966-11-29,,999-40-1002,S99980670,X63652457X,Mrs.,Alejandra,Fernández,,Maestas,M,white,hispanic,F,Ponce  Puerto Rico  PR,973 Breitenberg Stravenue,Boston,Massachusetts,Suffolk County,25025,02129,42.316774903079015,-71.11076155654875,723937.35,97107.26,275
adbcd8bf-4a1c-582f-5c66-24fe24ed4057,1992-06-17,,999-40-6014,S99937223,X85672362X,Mrs.,Shirlene,Thompson,,Eichmann,M,white,nonhispanic,F,Wilbraham  Massachusetts  US,165 Altenwerth Bridge Apt 43,Shrewsbury,Massachusetts,Worcester County,,00000,42.23546459838752,-71.6912830545259,32407.20,61639.50,153495
29901577-7743-f31b-5580-21b52733920e,1999-11-21,,999-62-4262,S99954181,X41117038X,Ms.,Catherine,Stoltenberg,,,,white,nonhispanic,F,Brookline  Massachusetts  US,745 Goyette Club,Springfield,Massachusetts,Hampden County,25013,01119,42.09147908550376,-72.55687371023748,215498.07,0.00,39422
e17f6a2a-ef4a-8950-16f1-97e9985198e1,1982-12-12,,999-11-5172,S99941842,X37621785X,Mr.,Trent,Nader,,,M,white,nonhispanic,M,West Springfield  Massachusetts  US,105 Krajcik Course,Waltham,Massachusetts,Middlesex County,25017,02452,42.35759447986044,-71.19481748682372,43181.55,744755.14,99623
a7c146b7-52dc-c0d1-c242-c9b9f3d3fb22,2000-05-10,,999-43-3896,S99916203,X56879796X,Ms.,Irmgard,Zieme,,,,asian,nonhispanic,F,Osaka  Osaka  JP,804 Grimes Grove,Watertown,Massachusetts,Middlesex County,25017,02472,42.33247869421408,-71.14511027602038,32251.52,303518.15,61423
fba1379a-ca73-a80f-1445-4ff465d0066f,1990-06-05,,999-93-8436,S99931359,X83056992X,Ms.,Ana,Dickinson,,,S,white,nonhispanic,F,Littleton  Massachusetts  US,509 Glover Crossing,West Bridgewater,Massachusetts,Plymouth County,,00000,42.03569343163737,-70.98234068304536,43129.88,1414538.85,57581
0fe005ab-bde2-5d9a-8a04-f33382a30d43,2007-04-26,,999-32-7636,,,,Robin,Dickinson,,,,white,nonhispanic,M,Leominster  Massachusetts  US,697 Stiedemann Glen Suite 49,Sturbridge,Massachusetts,Worcester County,25027,01566,42.0783959036036,-72.05672090450189,19808.93,19746.58,162374
6d71f851-a7ea-f620-c26d-62da36e4feff,1968-06-04,,999-42-5176,S99959990,X38033659X,Mr.,Omar,Feest,,,S,white,nonhispanic,M,Brookline  Massachusetts  US,291 Borer Gate,Norton Center,Massachusetts,Bristol County,,00000,41.957799677871144,-71.16248052901531,56341.48,50624.21,446413
dbf7e5da-a13f-c695-9a21-81a4a55805ef,2002-10-01,,999-59-9914,S99929271,X44519420X,Mr.,Collin,Blanda,,,,white,nonhispanic,M,Shrewsbury  Massachusetts  US,690 Heidenreich Alley,Somerville,Massachusetts,Middlesex County,25017,02140,42.41643555907142,-71.13181261102098,18952.00,3004.33,118447
1dd07002-3697-1f36-c9c8-5e80a5fca693,1990-02-10,,999-91-6625,S99942008,X20603254X,Mr.,Luis Miguel,Jasso,,,M,white,hispanic,M,Juarez  Chihuahua  MX,765 Stracke Trafficway,Leominster,Massachusetts,Worcester County,25027,01453,42.54972864629372,-71.7175461418177,49648.69,961638.71,133293
7532e039-f228-a1d1-51fa-0758e86b3191,2006-02-27,,999-37-4229,S99954634,,,Latarsha,DuBuque,,,,other,nonhispanic,F,Belchertown  Massachusetts  US,856 O'Connell Walk Apt 8,Amherst Center,Massachusetts,Hampshire County,,00000,42.417780107603576,-72.53912988136281,19308.42,14237.23,48865
d0aeab27-e9f5-d816-bb39-c6df61526f46,1998-08-07,,999-78-1736,S99979466,X9252348X,Mr.,Reginald,Hackett,,,,white,nonhispanic,M,Newburyport  Massachusetts  US,734 Stark Dale,Worcester,Massachusetts,Worcester County,25027,01610,42.197744906351936,-71.75548435124495,31099.51,833171.31,146165
